Company Name,Market Cap (crores)_x,Share Price (rupees)_x,Golden Cross Date_x,Market Cap (crores)_y,Share Price (rupees)_y,Golden Cross Date_y
360 ONE WAM LIMITED,47575.5446272,1175.4,"2025-08-22, 2025-09-16, 2025-10-09",47575.5446272,1175.4,"2025-07-22, 2025-09-02, 2025-09-26"
3M INDIA LIMITED,33558.642688,29790.0,"2025-09-09, 2025-10-20",33558.642688,29790.0,"2025-08-20, 2025-09-10"
AADHAR HOUSING FINANCE L,22332.4274688,515.65,"2025-08-21, 2025-09-08",22332.4274688,515.65,"2025-08-11, 2025-09-04, 2025-10-03"
AARTI INDUSTRIES LTD,13600.8957952,375.1,"2025-09-03, 2025-09-08",13600.8957952,375.1,"2025-09-04, 2025-09-29"
AAVAS FINANCIERS LIMITED,12829.773824,1620.6,"2025-09-15, 2025-10-08",12829.773824,1620.6,"2025-10-03, 2025-10-14"
ABB INDIA LIMITED,111039.9909888,5240.0,2025-09-03,111039.9909888,5240.0,2025-09-30
ABBOTT INDIA LIMITED,64289.7608704,30255.0,"2025-07-30, 2025-10-20",64289.7608704,30255.0,"2025-07-22, 2025-08-07"
ACC LIMITED,34719.9864832,1848.9,"2025-08-22, 2025-09-04, 2025-10-10",34719.9864832,1848.9,"2025-07-25, 2025-09-02, 2025-09-30"
ACTION CONST EQUIP LTD,13293.99808,1117.0,2025-09-01,13293.99808,1117.0,2025-10-01
ADANI ENERGY SOLUTION LTD,112494.116864,936.45,"2025-08-22, 2025-09-12",112494.116864,936.45,"2025-07-22, 2025-08-29"
ADANI ENTERPRISES LIMITED,294304.5337088,2549.9,2025-09-11,294304.5337088,2549.9,"2025-07-25, 2025-10-15"
ADANI GREEN ENERGY LTD,171306.319872,1040.0,2025-09-11,171306.319872,1040.0,"2025-07-30, 2025-10-15"
ADANI PORT & SEZ LTD,319484.5659136,1473.5,"2025-09-09, 2025-10-15",319484.5659136,1473.5,"2025-07-24, 2025-10-07"
ADANI POWER LTD,329344.0114688,170.78,2025-08-18,329344.0114688,170.78,2025-07-24
ADANI TOTAL GAS LIMITED,68551.1606272,623.3,"2025-08-21, 2025-09-19",68551.1606272,623.3,"2025-09-03, 2025-10-07"
ADIT BIRL SUN LIF AMC LTD,25117.360128,870.05,"2025-08-20, 2025-10-13",25117.360128,870.05,"2025-08-08, 2025-09-01"
ADITYA BIRLA CAPITAL LTD.,79646.0122112,304.85,"2025-08-07, 2025-09-08",79646.0122112,304.85,2025-09-04
ADITYA BIRLA FASHION & RT,10173.5931904,83.65,2025-08-12,10173.5931904,83.65,2025-10-01
ADITYA BIRLA REAL EST LTD,18164.678656,1643.2,2025-09-16,18164.678656,1643.2,2025-09-29
AEGIS LOGISTICS LIMITED,28246.7270656,802.65,"2025-07-25, 2025-08-28, 2025-09-15",28246.7270656,802.65,"2025-07-30, 2025-09-01"
AFFLE 3I LIMITED,26579.910656,1880.9,"2025-08-05, 2025-09-10",26579.910656,1880.9,"2025-08-26, 2025-10-01"
AIA ENGINEERING LIMITED,31319.2480768,3356.1,"2025-09-17, 2025-10-01",31319.2480768,3356.1,"2025-07-25, 2025-09-29"
AJANTA PHARMA LIMITED,,,,30579.245056,2447.6,2025-08-06
AKUMS DRUGS AND PHARMA L,7201.1554816,470.35,"2025-09-19, 2025-10-17",7201.1554816,470.35,2025-09-29
ALEMBIC PHARMA LTD,18427.7925888,932.8,"2025-08-25, 2025-09-17, 2025-10-16",18427.7925888,932.8,"2025-07-31, 2025-08-29, 2025-09-25"
ALKEM LABORATORIES LTD.,66735.2039424,5547.5,"2025-08-14, 2025-09-15, 2025-10-14",66735.2039424,5547.5,"2025-08-07, 2025-09-10, 2025-10-07"
ALKYL AMINES CHEM. LTD,9823.4793984,1909.3,2025-09-23,9823.4793984,1909.3,2025-09-25
ALOK INDUSTRIES LIMITED,8609.726464,17.34,2025-09-09,8609.726464,17.34,"2025-07-25, 2025-09-26"
AMARA RAJA ENERGY MOB LTD,18245.7991168,996.9,2025-08-21,18245.7991168,996.9,"2025-08-01, 2025-09-25"
AMBER ENTERPRISES (I) LTD,28996.1181184,8245.5,"2025-07-31, 2025-09-03",28996.1181184,8245.5,"2025-07-28, 2025-08-12, 2025-10-16"
AMBUJA CEMENTS LTD,140275.9806976,567.5,2025-09-19,140275.9806976,567.5,"2025-08-07, 2025-10-03"
ANAND RATHI WEALTH LTD,26492.715008,3191.1,2025-10-14,26492.715008,3191.1,2025-09-29
ANANT RAJ LIMITED,23177.8729984,644.05,2025-09-15,23177.8729984,644.05,"2025-07-31, 2025-10-17"
ANGEL ONE LIMITED,22659.2751616,2497.8,"2025-08-22, 2025-10-10",22659.2751616,2497.8,2025-08-25
APAR INDUSTRIES LTD.,34895.0167552,8584.0,"2025-09-12, 2025-10-20",34895.0167552,8584.0,"2025-08-08, 2025-10-03"
APL APOLLO TUBES LTD,48690.4168448,1752.1,"2025-08-20, 2025-10-01",48690.4168448,1752.1,2025-09-29
APOLLO HOSPITALS ENTER. L,115200.2686976,8012.0,"2025-07-31, 2025-08-14, 2025-10-14",115200.2686976,8012.0,"2025-08-07, 2025-09-24"
APOLLO TYRES LTD,32631.5278336,515.15,"2025-08-20, 2025-10-13",32631.5278336,515.15,"2025-07-24, 2025-10-01"
APTUS VALUE HSG FIN I LTD,15777.6134144,315.15,"2025-08-18, 2025-09-15",15777.6134144,315.15,"2025-08-01, 2025-08-29, 2025-09-18"
ARCHEAN CHEMICAL IND LTD,8125.2442112,652.85,2025-08-19,8125.2442112,652.85,"2025-07-31, 2025-10-01"
ASAHI INDIA GLASS LIMITED,23981.0019328,938.9,"2025-08-19, 2025-09-16, 2025-10-16",23981.0019328,938.9,"2025-08-01, 2025-09-05, 2025-10-07"
ASHOK LEYLAND LTD,80025.3935616,136.24,2025-08-19,80025.3935616,136.24,"2025-07-23, 2025-10-13"
ASIAN PAINTS LIMITED,240377.8691072,2504.6,"2025-08-05, 2025-10-20",240377.8691072,2504.6,"2025-07-22, 2025-09-16"
ASTER DM HEALTHCARE LTD.,37370.6555392,722.95,"2025-08-07, 2025-08-13, 2025-10-06",37370.6555392,722.95,"2025-08-08, 2025-10-01"
ASTRAL LIMITED,38863.3821184,1446.7,"2025-08-26, 2025-10-15",38863.3821184,1446.7,"2025-07-24, 2025-09-26"
ASTRAZENECA PHARMA IND LT,23266.2499328,9306.5,"2025-09-04, 2025-10-03",23266.2499328,9306.5,"2025-07-25, 2025-09-26"
ATUL LTD,17656.2208768,5997.0,2025-09-15,17656.2208768,5997.0,2025-09-25
AU SMALL FINANCE BANK LTD,64187.1970304,861.35,"2025-08-19, 2025-09-23",64187.1970304,861.35,2025-08-29
AUROBINDO PHARMA LTD,63946.2539264,1100.5,"2025-09-12, 2025-10-13",63946.2539264,1100.5,"2025-07-22, 2025-10-07"
AVANTI FEEDS LIMITED,9416.6171648,691.15,"2025-09-05, 2025-10-20",9416.6171648,691.15,"2025-07-29, 2025-09-29"
AVENUE SUPERMARTS LIMITED,279854.2651392,4274.5,2025-08-04,279854.2651392,4274.5,2025-09-15
AWL AGRI BUSINESS LIMITED,33897.5555584,261.4,"2025-08-26, 2025-09-03, 2025-10-03",33897.5555584,261.4,"2025-08-01, 2025-09-01, 2025-10-01"
AXIS BANK LIMITED,383930.7546624,1237.3,"2025-08-21, 2025-09-12",383930.7546624,1237.3,2025-08-28
BAJAJ AUTO LIMITED,255502.3720448,9118.0,"2025-07-23, 2025-08-13, 2025-10-14",255502.3720448,9118.0,"2025-07-25, 2025-09-24"
BAJAJ FINANCE LIMITED,675274.3981056,1086.5,2025-08-25,675274.3981056,1086.5,2025-07-30
BAJAJ FINSERV LTD.,346241.9185664,2169.1,"2025-08-22, 2025-09-04, 2025-10-17",346241.9185664,2169.1,"2025-07-29, 2025-09-03, 2025-10-01"
BAJAJ HOLDINGS & INVS LTD,141698.8983296,12732.0,"2025-07-22, 2025-08-18, 2025-09-17, 2025-10-21",141698.8983296,12732.0,"2025-07-23, 2025-08-25, 2025-09-29"
BALAJI AMINES LIMITED,,,,4543.9164416,1402.4,2025-07-22
BALKRISHNA IND. LTD,44685.2661248,2311.5,2025-09-16,44685.2661248,2311.5,"2025-08-04, 2025-09-30"
BALRAMPUR CHINI MILLS LTD,9465.1129856,468.7,2025-08-25,9465.1129856,468.7,"2025-07-28, 2025-09-02"
BANDHAN BANK LIMITED,26740.514816,165.99,"2025-07-22, 2025-08-21, 2025-10-08",26740.514816,165.99,"2025-07-29, 2025-09-02"
BANK OF BARODA,139730.2099968,270.2,"2025-08-14, 2025-09-17",139730.2099968,270.2,"2025-07-30, 2025-08-28"
BANK OF INDIA,59303.0479872,130.26,"2025-08-18, 2025-09-11",59303.0479872,130.26,2025-09-02
BANK OF MAHARASHTRA,46172.4024832,60.03,2025-09-16,46172.4024832,60.03,2025-07-25
BASF INDIA LTD,19633.0684416,4535.7,"2025-09-03, 2025-10-09",19633.0684416,4535.7,"2025-09-26, 2025-10-15"
BATA INDIA LTD,14979.8846464,1165.5,2025-09-05,14979.8846464,1165.5,"2025-07-22, 2025-09-26"
BAYER CROPSCIENCE LTD,22579.806208,5009.4,"2025-09-23, 2025-10-21",22579.806208,5009.4,"2025-07-25, 2025-09-26"
BEML LIMITED,18388.5447168,4395.9,"2025-07-22, 2025-08-21, 2025-09-08, 2025-10-09",18388.5447168,4395.9,"2025-07-23, 2025-08-29, 2025-10-07"
BERGER PAINTS (I) LTD,63471.3145344,541.4,"2025-08-06, 2025-09-08, 2025-10-10",63471.3145344,541.4,"2025-08-07, 2025-09-22"
BHARAT DYNAMICS LIMITED,56512.937984,1541.7,2025-09-16,56512.937984,1541.7,2025-10-03
BHARAT ELECTRONICS LTD,305329.471488,417.7,2025-09-11,,,
BHARAT FORGE LTD,59445.542912,1243.4,"2025-09-10, 2025-10-17",59445.542912,1243.4,2025-10-01
BHARAT PETROLEUM CORP  LT,147097.0331136,339.05,2025-09-15,147097.0331136,339.05,2025-07-25
BHARTI AIRTEL LIMITED,1206462.5000448,2043.5,"2025-08-07, 2025-08-25, 2025-09-16, 2025-10-13",1206462.5000448,2043.5,"2025-08-08, 2025-09-03, 2025-10-01"
BHARTI HEXACOM LIMITED,90802.4938496,1812.7,"2025-08-01, 2025-08-26, 2025-10-10",90802.4938496,1812.7,"2025-08-12, 2025-09-05"
BHEL,81689.2084224,234.6,2025-09-11,81689.2084224,234.6,2025-10-16
BIKAJI FOODS INTERN LTD,18383.4804224,733.6,2025-08-21,18383.4804224,733.6,"2025-08-07, 2025-09-15"
BIOCON LIMITED.,48858.4380416,366.1,"2025-09-08, 2025-10-17",48858.4380416,366.1,"2025-08-06, 2025-09-26"
BIRLA CORPORATION LTD,9152.0851968,1188.5,2025-09-08,9152.0851968,1188.5,"2025-08-04, 2025-09-29"
BIRLASOFT LIMITED,9777.5476736,351.05,2025-09-09,9777.5476736,351.05,2025-09-26
BLS INTL SERVS LTD,13452.1683968,325.95,"2025-08-05, 2025-09-18",13452.1683968,325.95,"2025-07-25, 2025-08-20, 2025-09-22"
BLUE DART EXPRESS LTD,13235.441664,5578.0,2025-09-19,13235.441664,5578.0,"2025-07-29, 2025-09-29"
BLUE STAR LIMITED,40529.969152,1963.0,"2025-08-14, 2025-09-19, 2025-10-17",40529.969152,1963.0,"2025-07-28, 2025-09-15, 2025-10-01"
BOMBAY BURMAH TRADING COR,14349.9870208,2056.7,"2025-09-09, 2025-10-14",14349.9870208,2056.7,"2025-07-28, 2025-09-29"
BOSCH LIMITED,115615.072256,39200.0,"2025-08-20, 2025-10-21",115615.072256,39200.0,"2025-08-14, 2025-09-18"
BRIGADE ENTER. LTD,23986.2317056,980.85,"2025-07-22, 2025-09-17, 2025-10-15",23986.2317056,980.85,"2025-07-25, 2025-09-25"
BRITANNIA INDUSTRIES LTD,146450.3369728,6075.0,"2025-08-26, 2025-10-21",146450.3369728,6075.0,2025-09-25
BSE LIMITED,101036.7987712,2487.8,"2025-08-20, 2025-10-09",101036.7987712,2487.8,2025-08-25
C.E. INFO SYSTEMS LIMITED,10119.6775424,1849.3,2025-10-06,10119.6775424,1849.3,2025-08-05
CAMPUS ACTIVEWEAR LIMITED,8617.3704192,282.1,"2025-08-26, 2025-10-09",8617.3704192,282.1,"2025-07-30, 2025-09-30"
CAN FIN HOMES LTD,11243.5347456,844.4,"2025-08-20, 2025-09-17",11243.5347456,844.4,"2025-07-25, 2025-09-01"
CANARA BANK,115306.1224448,127.12,"2025-08-19, 2025-09-11",115306.1224448,127.12,"2025-07-23, 2025-08-29"
CAPLIN POINT LAB LTD.,15429.6139776,2029.9,2025-08-14,15429.6139776,2029.9,"2025-08-04, 2025-09-29"
CAPRI GLOBAL CAPITAL LTD,18606.678016,193.49,"2025-09-09, 2025-09-19, 2025-10-10, 2025-10-15",18606.678016,193.49,"2025-09-05, 2025-09-10, 2025-10-06, 2025-10-14"
CARBORUNDUM UNIVERSAL LTD,17327.2727552,909.85,2025-08-25,17327.2727552,909.85,"2025-07-25, 2025-09-26"
CASTROL INDIA LIMITED,19827.9479296,200.46,"2025-09-19, 2025-10-09",19827.9479296,200.46,"2025-08-01, 2025-09-30, 2025-10-14"
CCL PRODUCTS (I) LTD,11303.8516224,848.65,"2025-08-05, 2025-08-18, 2025-09-03, 2025-09-23",11303.8516224,848.65,"2025-07-24, 2025-08-14, 2025-09-02, 2025-09-19, 2025-09-25"
CEAT LIMITED,17326.1389824,4289.7,2025-09-02,17326.1389824,4289.7,2025-07-24
CELLO WORLD LIMITED,13581.1162112,614.85,"2025-09-04, 2025-10-15",13581.1162112,614.85,"2025-07-24, 2025-09-29"
CENTRAL BANK OF INDIA,35390.9768192,39.1,"2025-08-21, 2025-09-12",35390.9768192,39.1,2025-08-26
CENTRAL DEPO SER (I) LTD,33676.1683968,1604.0,"2025-08-20, 2025-09-11, 2025-10-10",33676.1683968,1604.0,"2025-08-29, 2025-09-29"
CENTURY PLYBOARDS (I) LTD,16674.0819968,747.25,"2025-07-29, 2025-08-19, 2025-08-21, 2025-09-01, 2025-10-08",16674.0819968,747.25,"2025-08-14, 2025-08-20, 2025-08-29, 2025-10-03, 2025-10-10"
CERA SANITARYWARE LTD,7825.9986432,6069.0,2025-08-22,7825.9986432,6069.0,"2025-07-29, 2025-08-29"
CESC LTD,23929.1973632,180.52,"2025-09-16, 2025-10-10",23929.1973632,180.52,"2025-07-25, 2025-10-07"
CG POWER AND IND SOL LTD,119358.9211136,739.0,"2025-07-22, 2025-08-13, 2025-08-21",119358.9211136,739.0,"2025-07-28, 2025-08-14, 2025-09-30"
CHALET HOTELS LIMITED,21337.1355136,948.35,2025-08-19,21337.1355136,948.35,"2025-08-05, 2025-09-26"
CHAMBAL FERTILIZERS LTD,19577.8740224,488.65,"2025-08-11, 2025-08-21",19577.8740224,488.65,"2025-08-18, 2025-09-12"
CHEMPLAST SANMAR LIMITED,6210.543616,392.8,"2025-08-20, 2025-09-16",6210.543616,392.8,"2025-08-01, 2025-09-03, 2025-09-25"
CHENNAI PETROLEUM CORP LT,11604.66432,779.3,2025-08-28,11604.66432,779.3,"2025-07-30, 2025-10-20"
CHOLAMANDALAM FIN HOL LTD,35004.5372416,1856.8,"2025-08-22, 2025-09-15",35004.5372416,1856.8,"2025-07-25, 2025-08-28, 2025-10-06"
CHOLAMANDALAM IN & FIN CO,140913.4362624,1670.3,"2025-08-20, 2025-09-11",140913.4362624,1670.3,2025-09-02
CIE AUTOMOTIVE INDIA LTD,16435.8750208,433.25,"2025-09-09, 2025-10-20",16435.8750208,433.25,2025-10-06
CIPLA LTD,134379.9033856,1663.6,"2025-07-28, 2025-08-14, 2025-10-15",134379.9033856,1663.6,"2025-08-11, 2025-09-10"
CITY UNION BANK LTD,16758.0778496,226.14,"2025-08-06, 2025-09-17",16758.0778496,226.14,"2025-07-23, 2025-08-26"
CLEAN SCIENCE & TECH LTD,11191.6924928,1053.1,2025-09-08,11191.6924928,1053.1,2025-09-24
COAL INDIA LTD,241024.3162112,391.1,"2025-07-23, 2025-08-12",241024.3162112,391.1,"2025-07-28, 2025-09-30"
COCHIN SHIPYARD LIMITED,47586.0533248,1808.8,"2025-09-09, 2025-09-16",47586.0533248,1808.8,"2025-09-10, 2025-10-09"
COFORGE LIMITED,58304.4694016,1741.5,"2025-08-25, 2025-10-13",58304.4694016,1741.5,2025-09-25
COLGATE PALMOLIVE LTD.,62441.1017216,2260.6,2025-08-21,62441.1017216,2260.6,2025-09-19
COMPUTER AGE MNGT SER LTD,19009.6637952,3838.0,"2025-07-22, 2025-08-22, 2025-09-01, 2025-09-09",19009.6637952,3838.0,"2025-07-28, 2025-08-29, 2025-09-02, 2025-09-30"
CONCORD BIOTECH LIMITED,16039.7574144,1522.4,2025-08-28,16039.7574144,1522.4,"2025-08-01, 2025-09-09"
CONTAINER CORP OF IND LTD,40678.0116992,534.1,2025-09-09,40678.0116992,534.1,"2025-07-28, 2025-09-26"
COROMANDEL INTERNTL. LTD,64198.7444736,2179.0,"2025-09-24, 2025-10-06",64198.7444736,2179.0,"2025-08-13, 2025-09-26, 2025-10-14"
CRAFTSMAN AUTOMATION LTD,16080.0948224,6726.0,2025-10-03,16080.0948224,6726.0,"2025-09-10, 2025-10-06"
CREDITACCESS GRAMEEN LTD,20703.8021632,1295.7,"2025-08-18, 2025-09-23",20703.8021632,1295.7,"2025-08-01, 2025-09-10, 2025-10-17"
CRISIL LTD,36242.5024512,4955.9,"2025-08-22, 2025-10-20",36242.5024512,4955.9,"2025-07-22, 2025-08-28"
CROMPT GREA CON ELEC LTD,18583.3832448,288.6,2025-08-25,18583.3832448,288.6,2025-09-11
CUMMINS INDIA LTD,110904.9475072,4000.9,2025-10-20,110904.9475072,4000.9,2025-09-30
CYIENT LIMITED,13137.1982848,1190.7,"2025-08-25, 2025-09-15",13137.1982848,1190.7,"2025-07-24, 2025-09-04, 2025-09-26"
DABUR INDIA LTD,90209.8845696,506.4,2025-08-25,90209.8845696,506.4,"2025-08-12, 2025-09-23"
DALMIA BHARAT LIMITED,,,,42117.7556992,2185.4,2025-09-24
DATA PATTERNS INDIA LTD,15910.6433024,2842.0,"2025-09-10, 2025-10-09",15910.6433024,2842.0,2025-10-03
DEEPAK FERTILIZERS & PETR,18210.4375296,1439.8,2025-09-22,18210.4375296,1439.8,2025-10-15
DEEPAK NITRITE LTD,24150.433792,1770.6,2025-09-19,24150.433792,1770.6,2025-10-13
DELHIVERY LIMITED,35629.449216,476.55,"2025-09-18, 2025-10-13",35629.449216,476.55,"2025-09-11, 2025-09-25"
DEVYANI INTERNATIONAL LTD,20623.8629888,167.41,2025-08-22,20623.8629888,167.41,"2025-07-30, 2025-09-23"
DIVI S LABORATORIES LTD,175780.0169472,6587.0,"2025-09-02, 2025-09-23, 2025-10-10",175780.0169472,6587.0,"2025-09-09, 2025-09-25"
DIXON TECHNO (INDIA) LTD,100974.6116608,16122.0,2025-08-22,100974.6116608,16122.0,"2025-08-12, 2025-09-29"
DLF LIMITED,191032.1709056,771.75,"2025-07-22, 2025-09-16, 2025-10-17",191032.1709056,771.75,"2025-07-28, 2025-09-26"
DOMS INDUSTRIES LIMITED,15318.7598336,2524.2,2025-08-11,15318.7598336,2524.2,2025-09-29
DR. LAL PATH LABS LTD.,26177.7883136,3136.3,2025-09-19,26177.7883136,3136.3,"2025-09-04, 2025-09-30"
DR. REDDY S LABORATORIES,107286.2461952,1288.7,"2025-07-30, 2025-08-21",107286.2461952,1288.7,"2025-08-05, 2025-09-29"
EASY TRIP PLANNERS LTD,2945.8511872,8.1,2025-09-19,2945.8511872,8.1,"2025-07-28, 2025-09-26"
ECLERX SERVICES LTD,20833.7813504,4439.8,2025-10-20,20833.7813504,4439.8,2025-09-23
EICHER MOTORS LTD,193160.282112,7018.5,2025-08-06,193160.282112,7018.5,2025-10-13
EID PARRY INDIA LTD,,,,18483.3572864,1039.2,2025-08-11
EIH LIMITED,24376.6935552,389.8,"2025-08-19, 2025-10-13",24376.6935552,389.8,"2025-08-04, 2025-09-17"
ELECON ENG. CO. LTD,12425.0251264,553.7,"2025-08-22, 2025-09-08",12425.0251264,553.7,"2025-08-29, 2025-09-30"
ELGI EQUIPMENTS LTD,15011.6204544,475.5,2025-09-22,15011.6204544,475.5,"2025-08-07, 2025-10-13"
EMAMI LIMITED,24066.4281088,544.0,"2025-08-05, 2025-08-20, 2025-09-08",24066.4281088,544.0,"2025-07-29, 2025-08-14, 2025-09-01, 2025-09-24"
EMCURE PHARMACEUTICALS L,26406.3827968,1393.0,2025-10-08,26406.3827968,1393.0,2025-09-03
ENDURANCE TECHNO. LTD.,41477.2527104,2948.7,"2025-08-19, 2025-10-09",41477.2527104,2948.7,2025-09-19
ENGINEERS INDIA LTD,11200.3801088,199.28,2025-09-03,11200.3801088,199.28,"2025-07-24, 2025-09-26"
EQUITAS SMALL FIN BNK LTD,6694.8272128,58.7,2025-09-12,6694.8272128,58.7,2025-10-14
ERIS LIFESCIENCES LIMITED,21739.68384,1585.5,2025-08-26,21739.68384,1585.5,"2025-08-08, 2025-09-10"
ESCORTS KUBOTA LIMITED,40749.95712,3703.7,"2025-08-19, 2025-10-16",40749.95712,3703.7,"2025-08-07, 2025-09-29"
EXIDE INDUSTRIES LTD,34059.501568,399.35,"2025-07-22, 2025-08-05, 2025-08-21",34059.501568,399.35,"2025-08-04, 2025-08-07, 2025-09-24"
FACT LTD,57815.8854144,893.5,"2025-07-23, 2025-08-19, 2025-09-05",57815.8854144,893.5,"2025-08-04, 2025-09-04, 2025-09-26"
FEDERAL BANK LTD,55906.238464,227.44,"2025-09-16, 2025-10-09",55906.238464,227.44,2025-09-29
FINE ORGANIC IND. LTD.,13869.039616,4498.4,2025-09-09,13869.039616,4498.4,"2025-08-01, 2025-09-26"
FINOLEX CABLES LTD,12175.5009024,796.1,2025-09-05,12175.5009024,796.1,2025-09-24
FINOLEX INDUSTRIES LTD,11854.3147008,191.72,"2025-07-31, 2025-08-22",11854.3147008,191.72,"2025-08-04, 2025-09-26"
FIRSTSOURCE SOLU. LTD.,22576.7702528,321.8,"2025-08-08, 2025-09-17",22576.7702528,321.8,"2025-09-02, 2025-09-29"
FIVE-STAR BUS FIN LTD,15782.3582208,535.95,"2025-10-09, 2025-10-21",15782.3582208,535.95,2025-10-10
FSN E COMMERCE VENTURES,74736.6055936,256.86,"2025-08-20, 2025-10-07",74736.6055936,256.86,"2025-08-01, 2025-09-26"
G R INFRAPROJECTS LIMITED,11451.1249408,1174.7,2025-08-19,11451.1249408,1174.7,2025-09-29
GAIL (INDIA) LTD,117292.8462848,178.39,"2025-08-25, 2025-09-15, 2025-10-13",117292.8462848,178.39,"2025-09-11, 2025-09-29"
GARDEN REACH SHIP&ENG LTD,30268.0768512,2642.3,"2025-08-20, 2025-09-18",30268.0768512,2642.3,"2025-08-26, 2025-10-16"
GE VERNOVA T&D INDIA LTD,75779.5323904,2959.6,"2025-07-22, 2025-09-15",75779.5323904,2959.6,"2025-08-28, 2025-10-16"
GENERAL INS CORP OF INDIA,67807.5629568,386.5,"2025-08-05, 2025-09-15, 2025-10-07",67807.5629568,386.5,"2025-07-28, 2025-08-26, 2025-09-25"
GILLETTE INDIA LTD,30664.3173376,9410.5,2025-09-09,30664.3173376,9410.5,"2025-07-30, 2025-09-15"
GLAND PHARMA LIMITED,31926.4980992,1922.5,2025-09-12,31926.4980992,1922.5,"2025-08-08, 2025-10-06"
GLAXOSMITHKLINE PHARMA LT,46735.736832,2758.8,"2025-09-02, 2025-10-13",46735.736832,2758.8,2025-09-17
GLENMARK PHARMACEUTICALS,52524.630016,1855.4,2025-09-09,52524.630016,1855.4,"2025-08-05, 2025-09-26"
GLOBAL HEALTH LIMITED,37407.7620224,1392.5,2025-10-09,37407.7620224,1392.5,2025-09-12
GMR AIRPORTS LIMITED,97153.1419648,92.01,"2025-09-16, 2025-10-16",97153.1419648,92.01,"2025-07-30, 2025-10-01"
GO DIGIT GENERAL INS LTD,32677.2883456,353.9,2025-10-13,32677.2883456,353.9,2025-09-03
GODAWARI POW & ISP LTD,,,,16565.5412736,255.99,2025-10-03
GODFREY PHILLIPS INDIA LT,53210.0579328,3399.2,2025-08-04,53210.0579328,3399.2,"2025-08-01, 2025-09-17"
GODREJ AGROVET LIMITED,,,,12925.4694912,672.05,2025-08-12
GODREJ CONSUMER PRODUCTS,115999.37536,1133.8,2025-08-22,115999.37536,1133.8,"2025-07-28, 2025-09-16"
GODREJ INDUSTRIES LTD,37267.2659456,1106.5,2025-08-18,37267.2659456,1106.5,2025-09-08
GODREJ PROPERTIES LTD,69081.6745472,2293.5,"2025-07-22, 2025-09-17, 2025-10-10",69081.6745472,2293.5,"2025-07-29, 2025-09-30"
GRANULES INDIA LIMITED,13833.330688,570.05,"2025-08-22, 2025-10-03",13833.330688,570.05,"2025-07-25, 2025-09-30"
GRAPHITE INDIA LTD,10872.651776,556.5,"2025-08-22, 2025-09-17",10872.651776,556.5,"2025-07-29, 2025-08-28, 2025-10-17"
GRASIM INDUSTRIES LTD,194792.2333696,2870.7,"2025-08-06, 2025-09-17, 2025-10-17",194792.2333696,2870.7,"2025-09-10, 2025-09-29"
GRINDWELL NORTON LIMITED,18395.021312,1661.4,"2025-08-26, 2025-10-08",18395.021312,1661.4,"2025-07-28, 2025-09-29"
GUJ NAR VAL FER & CHEM L,7332.3405312,499.0,2025-08-26,7332.3405312,499.0,2025-09-15
GUJ STATE FERT & CHEM LTD,7657.5424512,192.17,"2025-08-06, 2025-09-05",7657.5424512,192.17,"2025-09-01, 2025-09-26"
GUJARAT AMBUJA EXPORTS LT,4971.9898112,107.34,"2025-07-23, 2025-09-04",4971.9898112,107.34,"2025-07-25, 2025-09-29"
GUJARAT FLUOROCHEM LTD,41249.7739776,3755.1,"2025-07-23, 2025-09-09",41249.7739776,3755.1,"2025-08-12, 2025-10-07"
GUJARAT GAS LIMITED,28943.3616384,417.35,2025-09-01,28943.3616384,417.35,2025-09-26
GUJARAT MINERAL DEV CORP,18591.8701568,584.65,"2025-07-22, 2025-08-19",18591.8701568,584.65,"2025-08-04, 2025-10-20"
GUJARAT PIPAVAV PORT LTD,7794.9853696,161.24,2025-09-03,7794.9853696,161.24,2025-08-04
GUJARAT STATE PETRO LTD,17795.227648,311.85,2025-09-10,17795.227648,311.85,"2025-07-28, 2025-10-21"
HAPPIEST MINDS TECHNO LTD,7517.8647552,500.5,2025-09-22,7517.8647552,500.5,2025-09-23
HAVELLS INDIA LIMITED,93489.5484928,1484.1,"2025-07-25, 2025-07-29, 2025-08-21",93489.5484928,1484.1,"2025-07-28, 2025-07-31, 2025-09-25"
HCL TECHNOLOGIES LTD,402092.9298432,1486.0,"2025-08-19, 2025-09-17, 2025-10-13",402092.9298432,1486.0,"2025-09-01, 2025-09-26"
HDFC AMC LIMITED,122166.181888,5707.5,"2025-08-21, 2025-09-11, 2025-10-20",122166.181888,5707.5,"2025-08-13, 2025-09-03, 2025-09-30"
HDFC BANK LTD,1548195.9350272,1007.7,"2025-07-23, 2025-09-18, 2025-10-08",1548195.9350272,1007.7,"2025-08-08, 2025-09-26"
HDFC LIFE INS CO LTD,160782.221312,743.7,"2025-08-13, 2025-09-18",160782.221312,743.7,"2025-09-04, 2025-09-29"
HEG LTD,9902.6427904,513.15,"2025-09-10, 2025-10-09",9902.6427904,513.15,"2025-08-08, 2025-10-07, 2025-10-20"
HERO MOTOCORP LIMITED,112968.3091456,5646.5,2025-08-04,112968.3091456,5646.5,2025-07-31
HFCL LIMITED,11134.263296,77.21,"2025-09-16, 2025-10-13, 2025-10-15",11134.263296,77.21,"2025-10-07, 2025-10-14"
HIMADRI SPECIALITY CHEM L,23134.142464,467.85,"2025-08-22, 2025-09-16, 2025-10-14",23134.142464,467.85,"2025-07-29, 2025-08-29, 2025-09-29"
HINDALCO  INDUSTRIES  LTD,175446.3338496,784.95,"2025-07-25, 2025-08-14",175446.3338496,784.95,2025-08-11
HINDUSTAN AERONAUTICS LTD,326388.9670144,4858.2,"2025-09-10, 2025-10-17",326388.9670144,4858.2,2025-10-14
HINDUSTAN COPPER LTD,33488.0407552,346.3,2025-09-08,,,
HINDUSTAN PETROLEUM CORP,96901.0315264,455.4,2025-09-11,96901.0315264,455.4,2025-07-22
HINDUSTAN UNILEVER LTD.,612009.771008,2591.7,2025-10-20,612009.771008,2591.7,2025-09-15
HINDUSTAN ZINC LIMITED,211287.0678528,483.85,"2025-07-24, 2025-08-22",211287.0678528,483.85,2025-08-01
HITACHI ENERGY INDIA LTD,77854.5463296,17467.0,"2025-07-24, 2025-09-16",77854.5463296,17467.0,"2025-08-21, 2025-09-25"
HOME FIRST FIN CO IND LTD,12976.140288,1253.0,"2025-08-25, 2025-09-11, 2025-10-21",12976.140288,1253.0,"2025-07-30, 2025-09-04, 2025-09-26"
HONASA CONSUMER LIMITED,9090.8319744,279.4,2025-08-18,9090.8319744,279.4,2025-09-26
HONEYWELL AUTOMATION IND,32236.191744,36460.0,"2025-08-25, 2025-09-25, 2025-10-21",32236.191744,36460.0,"2025-07-28, 2025-09-08, 2025-09-26"
HSG & URBAN DEV CORPN LTD,45683.359744,228.2,"2025-08-25, 2025-09-05",45683.359744,228.2,"2025-08-28, 2025-10-16"
ICICI BANK LTD.,1026437.9392,1382.0,"2025-07-22, 2025-09-18, 2025-10-16",1026437.9392,1382.0,"2025-08-08, 2025-09-25"
ICICI LOMBARD GIC LIMITED,99841.3500416,2007.0,"2025-08-19, 2025-09-18, 2025-10-16",99841.3500416,2007.0,"2025-08-29, 2025-10-13"
ICICI PRU LIFE INS CO LTD,86140.9705984,595.3,2025-08-18,86140.9705984,595.3,2025-09-01
IDBI BANK LIMITED,101395.1561728,94.3,"2025-08-25, 2025-09-10, 2025-10-10",101395.1561728,94.3,"2025-07-23, 2025-09-03, 2025-09-30"
IDFC FIRST BANK LIMITED,62582.5677312,76.77,"2025-08-21, 2025-09-05, 2025-10-10",62582.5677312,76.77,"2025-09-01, 2025-09-25"
IFCI LTD,15136.6582272,56.18,"2025-09-15, 2025-10-08",15136.6582272,56.18,"2025-10-01, 2025-10-17"
IIFL FINANCE LIMITED,21240.2274304,499.65,"2025-09-19, 2025-10-06",21240.2274304,499.65,"2025-07-31, 2025-09-30"
INDEGENE LIMITED,13320.5458944,554.7,"2025-08-07, 2025-09-16",13320.5458944,554.7,"2025-08-29, 2025-10-07"
INDIAMART INTERMESH LTD,14264.2069504,2376.7,2025-08-21,14264.2069504,2376.7,"2025-07-25, 2025-09-05"
INDIAN BANK,109548.5751296,813.3,"2025-08-08, 2025-09-09",109548.5751296,813.3,2025-09-04
INDIAN ENERGY EXC LTD,12373.7243648,139.14,2025-08-21,12373.7243648,139.14,"2025-07-24, 2025-09-29"
INDIAN OIL CORP LTD,217650.6527744,154.13,2025-09-11,217650.6527744,154.13,2025-07-28
INDIAN OVERSEAS BANK,78316.5554688,40.67,"2025-08-22, 2025-10-17",78316.5554688,40.67,"2025-07-25, 2025-09-29"
INDIAN RAIL TOUR CORP LTD,57539.9985152,718.0,"2025-09-15, 2025-10-20",57539.9985152,718.0,2025-09-29
INDIAN RAILWAY FIN CORP L,163617.6887808,125.2,2025-09-10,163617.6887808,125.2,2025-09-30
INDIAN RENEWABLE ENERGY,43020.5698048,153.14,"2025-08-25, 2025-09-10, 2025-10-20",43020.5698048,153.14,"2025-08-29, 2025-10-03"
INDRAPRASTHA GAS LTD,29134.0353536,207.42,"2025-08-21, 2025-10-08",29134.0353536,207.42,"2025-07-22, 2025-09-25"
INDUS TOWERS LIMITED,95015.9736832,360.3,"2025-08-29, 2025-09-12",95015.9736832,360.3,"2025-09-03, 2025-10-03"
INDUSIND BANK LIMITED,59089.0205184,758.45,2025-10-09,59089.0205184,758.45,2025-07-25
INFO EDGE (I) LTD,85998.14144,1317.0,"2025-07-29, 2025-08-25, 2025-09-22",85998.14144,1317.0,"2025-08-01, 2025-09-05, 2025-09-30"
INFOSYS LIMITED,610355.4326528,1472.4,"2025-08-25, 2025-10-14",610355.4326528,1472.4,"2025-09-29, 2025-10-21"
INOX INDIA LIMITED,10850.7766784,1195.5,2025-08-28,10850.7766784,1195.5,"2025-07-24, 2025-10-01"
INOX WIND LIMITED,25776.6653952,149.15,"2025-09-08, 2025-10-15",25776.6653952,149.15,2025-09-26
INTELLECT DESIGN ARENA,13409.038336,970.1,"2025-08-29, 2025-09-12",13409.038336,970.1,"2025-07-28, 2025-09-08, 2025-10-03"
INTERGLOBE AVIATION LTD,228590.0136448,5913.0,"2025-08-13, 2025-09-24, 2025-10-13",228590.0136448,5913.0,"2025-07-25, 2025-09-02, 2025-09-26"
IPCA LABORATORIES LTD,32635.2437248,1281.3,"2025-09-01, 2025-09-23",32635.2437248,1281.3,"2025-08-06, 2025-09-04, 2025-10-03"
IRB INFRA DEV LTD.,26106.5965568,43.23,"2025-09-19, 2025-10-16",26106.5965568,43.23,2025-09-26
IRCON INTERNATIONAL LTD,16060.2456064,170.76,2025-09-08,16060.2456064,170.76,2025-09-30
ITC LTD,517211.7897216,412.85,"2025-09-08, 2025-10-20",517211.7897216,412.85,"2025-07-25, 2025-09-24"
ITI LTD,32395.8571008,335.35,"2025-08-14, 2025-09-08, 2025-10-08",32395.8571008,335.35,"2025-08-19, 2025-09-30"
J & K BANK LTD.,11815.6877824,107.3,"2025-08-21, 2025-09-18",11815.6877824,107.3,"2025-07-25, 2025-09-01"
J B CHEMICALS AND PHARMA,26515.6591616,1690.8,"2025-07-23, 2025-08-20",26515.6591616,1690.8,"2025-08-12, 2025-09-10"
JAIPRAKASH POWER VEN. LTD,12343.0797312,18.01,"2025-09-09, 2025-10-17",12343.0797312,18.01,"2025-07-28, 2025-09-23"
JBM AUTO LIMITED,15498.6512384,655.35,"2025-07-24, 2025-08-25, 2025-09-10",15498.6512384,655.35,"2025-08-04, 2025-09-02, 2025-10-06"
JINDAL SAW LIMITED,12172.41088,191.04,2025-09-09,12172.41088,191.04,2025-10-03
JINDAL STAINLESS LIMITED,65688.4301824,797.5,"2025-08-04, 2025-09-23, 2025-10-13, 2025-10-16",65688.4301824,797.5,"2025-09-11, 2025-10-06, 2025-10-14"
JINDAL STEEL LIMITED,102745.9514368,1009.8,2025-09-08,102745.9514368,1009.8,"2025-09-01, 2025-10-10"
JIO FIN SERVICES LTD,198090.948608,311.8,"2025-08-04, 2025-09-19, 2025-10-15",198090.948608,311.8,"2025-08-26, 2025-09-26"
JK CEMENT LIMITED,50147.0953472,6466.0,"2025-09-24, 2025-10-16",50147.0953472,6466.0,"2025-09-01, 2025-09-26"
JK LAKSHMI CEMENT LTD,10456.6849536,842.3,"2025-08-26, 2025-09-02",10456.6849536,842.3,"2025-07-29, 2025-08-28, 2025-09-11"
JK TYRE & INDUSTRIES LTD,11541.7243648,421.2,"2025-08-26, 2025-09-01, 2025-10-09",11541.7243648,421.2,"2025-07-24, 2025-08-29, 2025-10-03"
JM FINANCIAL LIMITED,16397.1940352,170.9,"2025-08-14, 2025-10-10",16397.1940352,170.9,"2025-07-30, 2025-09-12"
JSW ENERGY LIMITED,94384.9406464,528.1,"2025-08-11, 2025-09-15",94384.9406464,528.1,"2025-08-01, 2025-08-25"
JSW INFRASTRUCTURE LTD,61991.1708672,298.05,"2025-08-22, 2025-09-09",61991.1708672,298.05,"2025-08-01, 2025-08-29, 2025-10-06"
JSW STEEL LIMITED,283679.1296,1152.5,"2025-08-04, 2025-09-08",283679.1296,1152.5,"2025-07-23, 2025-09-01"
JUBILANT FOODWORKS LTD,38966.5652736,590.7,2025-09-03,38966.5652736,590.7,2025-09-18
JUBILANT INGREVIA LIMITED,11047.8286848,686.2,"2025-09-01, 2025-10-15",11047.8286848,686.2,"2025-07-30, 2025-09-12"
JUBILANT PHARMOVA LTD,18115.8346752,1143.7,"2025-09-09, 2025-10-10",18115.8346752,1143.7,"2025-07-29, 2025-09-26"
JUPITER WAGONS LIMITED,13726.1449216,323.35,"2025-09-15, 2025-10-03",13726.1449216,323.35,"2025-09-30, 2025-10-13"
JUSTDIAL LTD.,6755.5221504,794.35,2025-09-10,6755.5221504,794.35,2025-09-26
JYOTHY LABS LIMITED,11774.7326976,320.65,"2025-08-20, 2025-10-21",11774.7326976,320.65,"2025-07-23, 2025-09-09"
JYOTI CNC AUTOMATION LTD,21239.0445056,933.9,"2025-07-25, 2025-09-17, 2025-10-10",21239.0445056,933.9,"2025-07-31, 2025-09-29"
KAJARIA CERAMICS LTD,19800.7308288,1217.4,"2025-08-08, 2025-10-10",19800.7308288,1217.4,"2025-07-31, 2025-09-01"
KALPATARU PROJECT INT LTD,21664.2043904,1268.6,"2025-08-13, 2025-09-11, 2025-10-15",21664.2043904,1268.6,"2025-09-09, 2025-09-24"
KALYAN JEWELLERS IND LTD,50811.912192,492.1,"2025-09-17, 2025-10-20",50811.912192,492.1,"2025-08-07, 2025-09-25"
KANSAI NEROLAC PAINTS LTD,20766.6577408,256.85,"2025-09-03, 2025-10-03, 2025-10-20",20766.6577408,256.85,"2025-07-22, 2025-10-01, 2025-10-13"
KARUR VYSYA BANK LTD,23661.2222976,244.84,"2025-08-25, 2025-09-18, 2025-10-06",23661.2222976,244.84,"2025-07-25, 2025-08-29, 2025-10-03"
KEC INTL. LIMITED,22740.1351168,854.25,2025-09-02,22740.1351168,854.25,2025-09-29
KEI INDUSTRIES LTD.,39614.971904,4143.8,"2025-08-21, 2025-10-09",39614.971904,4143.8,"2025-08-06, 2025-10-01"
KFIN TECHNOLOGIES LIMITED,19423.0206464,1127.3,"2025-08-22, 2025-09-11, 2025-10-16",19423.0206464,1127.3,"2025-08-29, 2025-09-29"
KIRLOSKAR BROTHERS LTD,15666.1907456,1970.5,2025-08-22,15666.1907456,1970.5,2025-09-29
KIRLOSKAR OIL ENG LTD,13000.8932352,894.95,"2025-08-14, 2025-09-19",13000.8932352,894.95,"2025-08-04, 2025-09-03, 2025-10-07"
KNR CONSTRU LTD.,5367.3623552,190.85,2025-09-18,5367.3623552,190.85,"2025-07-29, 2025-10-03"
KOTAK MAHINDRA BANK LTD,438643.720192,2197.0,"2025-08-22, 2025-09-17",438643.720192,2197.0,2025-08-29
KPIT TECHNOLOGIES LIMITED,31352.274944,1152.4,2025-09-05,31352.274944,1152.4,"2025-07-25, 2025-09-29"
KPR MILL LTD.,35447.8227456,1023.4,2025-09-09,35447.8227456,1023.4,"2025-08-01, 2025-10-07"
KRISHNA INST OF MED SCI L,29098.1052416,727.2,"2025-08-22, 2025-09-11, 2025-10-20",29098.1052416,727.2,"2025-08-08, 2025-08-29, 2025-09-24"
KSB LIMITED,14087.6038144,809.45,2025-09-02,14087.6038144,809.45,"2025-08-01, 2025-10-01"
L&T FINANCE LIMITED,66994.0973568,267.85,"2025-07-23, 2025-08-20",66994.0973568,267.85,"2025-07-22, 2025-08-01"
L&T TECHNOLOGY SER. LTD.,44523.2119808,4204.9,"2025-08-25, 2025-09-18, 2025-10-09",44523.2119808,4204.9,"2025-07-24, 2025-09-05, 2025-09-29, 2025-10-17"
LARSEN & TOUBRO LTD.,534843.6475904,3888.2,"2025-08-01, 2025-09-17",534843.6475904,3888.2,2025-08-26
LATENT VIEW ANALYTICS LTD,8933.4325248,432.4,"2025-08-22, 2025-10-09",8933.4325248,432.4,"2025-07-28, 2025-09-17"
LAURUS LABS LIMITED,49874.4229888,923.9,"2025-08-20, 2025-10-20",49874.4229888,923.9,"2025-08-11, 2025-09-30"
LEMON TREE HOTELS LTD,13340.2566656,168.47,2025-08-21,13340.2566656,168.47,"2025-08-01, 2025-09-25"
LIC HOUSING FINANCE LTD,31554.3650304,573.65,2025-09-15,31554.3650304,573.65,"2025-07-29, 2025-10-06"
LIFE INSURA CORP OF INDIA,564253.0062336,892.1,"2025-08-19, 2025-09-17",564253.0062336,892.1,"2025-08-21, 2025-10-17"
LINDE INDIA LIMITED,52431.0380544,6138.0,2025-09-03,52431.0380544,6138.0,"2025-07-24, 2025-09-24"
LLOYDS METALS N ENERGY L,71087.7577216,1350.6,"2025-07-29, 2025-09-22, 2025-10-10",71087.7577216,1350.6,"2025-08-01, 2025-09-26"
LODHA DEVELOPERS LIMITED,118480.7387136,1184.8,"2025-08-21, 2025-09-23, 2025-10-17",118480.7387136,1184.8,"2025-07-25, 2025-09-02, 2025-09-26"
LTIMINDTREE LIMITED,166155.9504896,5561.0,"2025-08-20, 2025-10-13",166155.9504896,5561.0,2025-09-29
LUPIN LIMITED,88716.0832,1942.3,"2025-07-29, 2025-08-14, 2025-09-11",88716.0832,1942.3,"2025-08-06, 2025-09-02, 2025-09-30"
M&M FIN. SERVICES LTD,41716.498432,300.25,"2025-08-19, 2025-10-10",41716.498432,300.25,"2025-07-25, 2025-10-07"
MAHANAGAR GAS LTD.,12743.3203712,1290.1,"2025-08-25, 2025-09-16, 2025-10-16",12743.3203712,1290.1,"2025-07-24, 2025-08-28, 2025-09-29"
MAHARASHTRA SEAMLESS LTD,7824.8861696,583.95,2025-08-22,7824.8861696,583.95,2025-08-28
MAHINDRA & MAHINDRA LTD,434560.7749632,3621.2,"2025-08-14, 2025-10-20",434560.7749632,3621.2,"2025-08-08, 2025-09-30"
MAHINDRA LIFESPACE DEVLTD,8362.6377216,392.1,"2025-09-03, 2025-10-16",8362.6377216,392.1,"2025-08-01, 2025-09-30"
MANAPPURAM FINANCE LTD,24216.4989952,286.1,"2025-07-23, 2025-08-20, 2025-10-09",24216.4989952,286.1,"2025-07-28, 2025-09-29, 2025-10-17"
MANKIND PHARMA LIMITED,102291.8787072,2445.6,"2025-08-26, 2025-09-04",102291.8787072,2445.6,"2025-08-01, 2025-09-03, 2025-09-29"
MARICO LIMITED,95143.5001856,722.05,"2025-08-07, 2025-10-13",95143.5001856,722.05,"2025-07-24, 2025-09-17"
MARUTI SUZUKI INDIA LTD.,515651.66592,16396.0,2025-08-05,,,
MASTEK LTD,6452.3395072,2065.0,"2025-08-12, 2025-08-20, 2025-09-02",6452.3395072,2065.0,"2025-07-30, 2025-08-13, 2025-09-01, 2025-09-04"
MAX FINANCIAL SERV LTD,53392.7067648,1540.8,"2025-08-13, 2025-10-03",53392.7067648,1540.8,"2025-09-08, 2025-10-20"
MAX HEALTHCARE INS LTD,117057.2705792,1204.0,"2025-07-31, 2025-10-14",117057.2705792,1204.0,2025-08-18
MAZAGON DOCK SHIPBUIL LTD,114225.1061248,2831.7,2025-09-12,114225.1061248,2831.7,2025-10-03
METRO BRANDS LIMITED,32716.8229376,1159.9,2025-09-01,32716.8229376,1159.9,"2025-08-06, 2025-10-01"
METROPOLIS HEALTHCARE LTD,,,,10065.3842432,1930.0,2025-09-12
MINDA CORPORATION LTD,13579.1484928,576.95,2025-08-21,13579.1484928,576.95,"2025-07-28, 2025-10-21"
MMTC LIMITED,10245.0003968,68.3,2025-09-09,10245.0003968,68.3,2025-10-21
MOTHERSON SUMI WRNG IND L,30877.0209792,46.56,2025-08-20,30877.0209792,46.56,"2025-07-29, 2025-09-30"
MOTILAL OSWAL FIN LTD,61627.2625664,1026.25,"2025-08-18, 2025-09-16, 2025-10-10",61627.2625664,1026.25,"2025-07-28, 2025-08-29, 2025-10-03"
MPHASIS LIMITED,52144.3377152,2740.7,"2025-08-20, 2025-10-21",52144.3377152,2740.7,"2025-07-24, 2025-09-25"
MRF LTD,68570.8017664,161680.0,"2025-08-25, 2025-10-07",68570.8017664,161680.0,"2025-08-04, 2025-10-06"
MRPL,26369.6023552,150.46,"2025-07-22, 2025-09-05",26369.6023552,150.46,2025-07-28
MULTI COMMODITY EXCHANGE,47484.6920704,9187.0,"2025-08-14, 2025-09-18",47484.6920704,9187.0,2025-08-29
MUTHOOT FINANCE LIMITED,133801.4171136,3274.7,2025-08-19,133801.4171136,3274.7,2025-07-31
NARAYANA HRUDAYALAYA LTD.,36155.8310912,1780.2,"2025-07-30, 2025-10-08",36155.8310912,1780.2,2025-07-31
NATCO PHARMA LTD.,15081.0509312,842.0,"2025-09-19, 2025-10-20",15081.0509312,842.0,"2025-07-30, 2025-09-29"
NATIONAL ALUMINIUM CO LTD,41755.8265856,227.35,"2025-07-22, 2025-08-21, 2025-10-06",41755.8265856,227.35,"2025-08-01, 2025-09-29"
NAVIN FLUORINE INT. LTD,26570.7634688,5186.5,"2025-09-18, 2025-10-15",26570.7634688,5186.5,"2025-08-08, 2025-09-26"
NBCC (INDIA) LIMITED,30434.4006656,112.72,2025-09-11,,,
NCC LIMITED,13145.2239872,209.37,"2025-08-14, 2025-09-18",13145.2239872,209.37,"2025-07-25, 2025-08-28, 2025-09-29"
NESTLE INDIA LIMITED,248656.1406976,1287.3,"2025-08-21, 2025-10-14",248656.1406976,1287.3,"2025-07-25, 2025-09-24"
NETWEB TECH INDIA LTD,,,,22066.6822656,3895.0,2025-10-21
NETWORK18 MEDIA & INV LTD,7739.297792,48.83,2025-09-18,7739.297792,48.83,"2025-07-31, 2025-09-26"
NEWGEN SOFTWARE TECH LTD,12388.9762304,880.6,"2025-08-21, 2025-09-18, 2025-10-06",12388.9762304,880.6,"2025-09-15, 2025-09-30, 2025-10-07"
NHPC LTD,87170.8164096,86.35,"2025-09-15, 2025-10-17",87170.8164096,86.35,"2025-07-25, 2025-10-14"
NIPPON L I A M LTD,61640.1403904,968.2,"2025-08-20, 2025-09-17",61640.1403904,968.2,"2025-07-31, 2025-09-02"
NLC INDIA LIMITED,37092.5305856,267.5,2025-09-10,37092.5305856,267.5,"2025-08-11, 2025-10-15"
NMDC LTD.,66474.9277184,75.61,"2025-08-21, 2025-09-03, 2025-10-08",66474.9277184,75.61,"2025-08-14, 2025-08-29, 2025-10-07, 2025-10-20"
NMDC STEEL LIMITED,12894.6659328,44.0,"2025-08-18, 2025-10-09",12894.6659328,44.0,"2025-10-07, 2025-10-13"
NTPC LTD,331626.0012032,342.0,"2025-08-18, 2025-09-18, 2025-10-20",331626.0012032,342.0,"2025-07-28, 2025-09-01, 2025-10-14"
NUVAMA WEALTH MANAGE LTD,26182.6445312,7260.0,2025-10-06,,,
NUVOCO VISTAS CORP LTD,,,,15080.9182208,422.25,2025-09-11
OBEROI REALTY LIMITED,61821.4719488,1699.0,"2025-08-22, 2025-09-19, 2025-10-20",61821.4719488,1699.0,"2025-09-10, 2025-09-29"
OIL AND NATURAL GAS CORP.,312141.8862592,248.12,"2025-08-22, 2025-09-02, 2025-09-19",312141.8862592,248.12,"2025-07-29, 2025-08-28, 2025-09-10"
OIL INDIA LTD,66520.1278976,406.6,2025-09-19,66520.1278976,406.6,"2025-07-30, 2025-10-21"
OLECTRA GREENTECH LIMITED,,,,11815.522304,1439.5,2025-10-01
ONE 97 COMMUNICATIONS LTD,83608.0697344,1308.2,2025-10-09,83608.0697344,1308.2,2025-09-15
ORACLE FIN SERV SOFT LTD.,76350.0167168,8620.5,"2025-08-21, 2025-09-11, 2025-10-09",76350.0167168,8620.5,"2025-09-01, 2025-10-01, 2025-10-20"
P&G HYGIENE & HEALTH CARE,45019.7946368,13869.0,"2025-08-01, 2025-08-25, 2025-09-03, 2025-09-17, 2025-09-19",45019.7946368,13869.0,"2025-08-13, 2025-08-26, 2025-09-16, 2025-09-18"
PAGE INDUSTRIES LTD,46383.3858048,41585.0,2025-09-02,46383.3858048,41585.0,2025-09-04
PATANJALI FOODS LIMITED,64209.05984,588.7,2025-09-08,64209.05984,588.7,"2025-08-08, 2025-09-29"
PB FINTECH LIMITED,75839.2619008,1636.4,2025-08-14,75839.2619008,1636.4,2025-09-03
PCBL CHEMICAL LIMITED,13901.94688,368.3,2025-09-10,13901.94688,368.3,"2025-07-24, 2025-09-30"
PERSISTENT SYSTEMS LTD,90307.5463168,5800.1,"2025-08-20, 2025-09-17, 2025-10-13",90307.5463168,5800.1,"2025-09-08, 2025-09-26"
PETRONET LNG LIMITED,41790.0036096,278.6,"2025-09-09, 2025-09-12, 2025-10-07",41790.0036096,278.6,"2025-07-29, 2025-09-10, 2025-09-26"
PFIZER LTD,24493.3361664,5351.5,"2025-08-19, 2025-10-08",24493.3361664,5351.5,2025-09-03
PI INDUSTRIES LTD,54205.0844672,3527.1,2025-07-30,54205.0844672,3527.1,2025-08-08
PIDILITE INDUSTRIES LTD,157002.7470848,1532.0,"2025-08-07, 2025-10-16",157002.7470848,1532.0,2025-09-15
PIRAMAL ENTERPRISES LTD,25527.9988736,1133.0,"2025-09-18, 2025-10-20",25527.9988736,1133.0,"2025-08-04, 2025-10-10"
PIRAMAL PHARMA LIMITED,26089.4539776,197.28,2025-09-05,26089.4539776,197.28,"2025-07-29, 2025-09-29"
PNB HOUSING FIN LTD.,22810.1292032,875.6,2025-09-09,22810.1292032,875.6,"2025-07-23, 2025-10-15"
PNC INFRATECH LTD.,7392.1757184,287.0,"2025-08-22, 2025-09-19",7392.1757184,287.0,"2025-08-08, 2025-08-26, 2025-09-26"
POLY MEDICURE LIMITED,19610.0194304,1934.7,2025-08-25,19610.0194304,1934.7,2025-09-12
POLYCAB INDIA LIMITED,114478.022656,7605.0,"2025-08-05, 2025-08-18",114478.022656,7605.0,"2025-08-01, 2025-08-07"
POONAWALLA FINCORP LTD,42487.48032,514.9,"2025-08-12, 2025-09-18",42487.48032,514.9,2025-09-02
POWER FIN CORP LTD.,131492.5576192,398.45,"2025-08-19, 2025-09-15",131492.5576192,398.45,"2025-07-24, 2025-08-22, 2025-10-13"
POWER GRID CORP. LTD.,269391.9932416,288.6,"2025-09-09, 2025-10-10",269391.9932416,288.6,"2025-07-25, 2025-09-30"
PRESTIGE ESTATE LTD,73801.3216768,1713.4,"2025-08-25, 2025-09-18, 2025-10-15",73801.3216768,1713.4,"2025-07-30, 2025-08-29, 2025-09-29"
PTC INDUSTRIES LIMITED,25498.4880128,17017.0,"2025-07-31, 2025-09-12",25498.4880128,17017.0,2025-08-14
PUNJAB NATIONAL BANK,135237.4550528,117.67,"2025-08-20, 2025-09-12",135237.4550528,117.67,"2025-07-25, 2025-08-28"
PVR INOX LIMITED,11341.1137536,1154.9,"2025-08-05, 2025-10-20",11341.1137536,1154.9,"2025-08-01, 2025-09-22"
QUESS CORP LIMITED,3559.4018816,238.75,2025-09-23,3559.4018816,238.75,"2025-07-28, 2025-09-24"
R R KABEL LIMITED,14301.0725888,1263.7,2025-09-10,14301.0725888,1263.7,2025-08-04
RADICO KHAITAN LTD,44207.7052928,3302.1,"2025-09-16, 2025-10-09",44207.7052928,3302.1,"2025-09-05, 2025-10-07"
RAIL VIKAS NIGAM LIMITED,69222.6686976,332.0,2025-09-09,69222.6686976,332.0,2025-10-03
RAILTEL CORP OF IND LTD,11892.3722752,370.55,2025-09-10,11892.3722752,370.55,2025-10-14
RAINBOW CHILDRENS MED LTD,13812.0445952,1360.0,"2025-07-30, 2025-08-19",13812.0445952,1360.0,"2025-08-04, 2025-09-02"
RAJESH EXPORTS LTD,5374.6171904,182.03,2025-09-08,5374.6171904,182.03,"2025-07-24, 2025-09-29"
RAMKRISHNA FORGINGS LTD,9974.1556736,551.7,"2025-09-09, 2025-10-17",9974.1556736,551.7,2025-09-22
RASHTRIYA CHEMICALS & FER,8225.1177984,149.09,"2025-08-22, 2025-10-20",8225.1177984,149.09,2025-09-15
RATNAMANI MET & TUB LTD.,16761.4496768,2357.9,"2025-09-01, 2025-09-18",16761.4496768,2357.9,"2025-09-12, 2025-10-07"
RATTANINDIA ENT LIMITED,7115.71456,50.97,2025-08-26,7115.71456,50.97,2025-09-17
RAYMOND LTD,3872.294912,581.85,2025-09-17,3872.294912,581.85,"2025-07-29, 2025-09-29"
RBL BANK LIMITED,19913.662464,324.65,"2025-08-05, 2025-09-03",19913.662464,324.65,"2025-07-28, 2025-08-13"
REC LIMITED,99312.041984,377.15,2025-09-15,99312.041984,377.15,"2025-08-04, 2025-10-03"
REDINGTON LIMITED,21037.5491584,268.5,2025-09-08,21037.5491584,268.5,"2025-07-25, 2025-10-13"
RELIANCE INDUSTRIES LTD,1982777.7339392,1465.2,"2025-08-21, 2025-09-16, 2025-10-17",1982777.7339392,1465.2,"2025-09-02, 2025-09-30"
RHI MAGNESITA INDIA LTD,9337.9944448,452.2,2025-09-18,9337.9944448,452.2,"2025-08-14, 2025-09-25"
RITES LIMITED,11933.3920768,248.28,"2025-08-25, 2025-09-03",11933.3920768,248.28,"2025-08-29, 2025-09-26"
ROUTE MOBILE LIMITED,4646.0719104,737.5,"2025-08-26, 2025-09-18",4646.0719104,737.5,"2025-08-28, 2025-09-24"
SAMMAAN CAPITAL LIMITED,14228.4980224,175.12,"2025-07-24, 2025-09-02",14228.4980224,175.12,2025-07-30
SAMVRDHNA MTHRSN INTL LTD,111212.167168,105.37,"2025-08-26, 2025-09-05",111212.167168,105.37,"2025-08-29, 2025-10-07"
SAPPHIRE FOODS INDIA LTD,9466.3335936,294.55,2025-08-25,9466.3335936,294.55,"2025-07-31, 2025-09-22"
SAREGAMA INDIA LIMITED,8759.7408256,455.85,"2025-07-24, 2025-08-22",8759.7408256,455.85,"2025-07-29, 2025-09-23"
SBFC FINANCE LIMITED,12651.0104576,115.8,"2025-08-21, 2025-09-22, 2025-10-21",12651.0104576,115.8,"2025-07-29, 2025-09-04, 2025-10-15"
SBI CARDS & PAY SER LTD,89131.4569216,936.7,"2025-08-25, 2025-09-11",89131.4569216,936.7,2025-09-04
SBI LIFE INSURANCE CO LTD,184838.455296,1841.0,"2025-07-30, 2025-09-19, 2025-10-16",184838.455296,1841.0,"2025-08-29, 2025-09-30"
SCHAEFFLER INDIA LIMITED,61394.5114624,3927.9,2025-09-15,61394.5114624,3927.9,"2025-07-30, 2025-10-15"
SCHNEIDER ELECTRIC INFRA,19644.7879168,820.4,2025-09-10,19644.7879168,820.4,"2025-08-14, 2025-09-26"
SHIPPING CORP OF INDIA LT,10789.7683968,231.64,2025-08-22,,,
SHREE CEMENT LIMITED,107154.407424,28950.0,2025-10-15,107154.407424,28950.0,2025-07-31
SHREE RENUKA SUGARS LTD,6357.798912,29.87,"2025-08-28, 2025-09-02",6357.798912,29.87,"2025-08-29, 2025-09-29"
SHRIRAM FINANCE LIMITED,130784.0479232,695.25,2025-09-15,,,
SHYAM METALICS AND ENGY L,25794.5550848,927.1,2025-10-03,25794.5550848,927.1,"2025-08-19, 2025-10-20"
SIEMENS LTD,111232.4571136,3102.9,"2025-08-13, 2025-09-08",111232.4571136,3102.9,"2025-09-04, 2025-09-29"
SIGNATUREGLOBAL INDIA LTD,15071.1762944,1072.6,2025-09-11,15071.1762944,1072.6,"2025-07-22, 2025-09-26"
SJVN LTD,35391.73376,89.79,"2025-07-24, 2025-08-21, 2025-09-24",35391.73376,89.79,"2025-07-25, 2025-09-04, 2025-09-26"
SKF INDIA LTD,11077.070848,2240.6,"2025-09-05, 2025-10-08",11077.070848,2240.6,"2025-07-30, 2025-09-29, 2025-10-15"
SOBHA LIMITED,16509.2786176,1544.2,2025-09-15,16509.2786176,1544.2,"2025-08-04, 2025-10-03"
SOLAR INDUSTRIES (I) LTD,127654.3238144,14107.0,"2025-08-12, 2025-09-17, 2025-10-17",127654.3238144,14107.0,"2025-08-28, 2025-09-29"
SONA BLW PRECISION FRGS L,28735.946752,461.95,"2025-07-23, 2025-08-28, 2025-10-14",28735.946752,461.95,"2025-08-01, 2025-09-04"
SONATA SOFTWARE LTD,10186.3612416,363.4,"2025-08-26, 2025-09-11, 2025-10-16",10186.3612416,363.4,"2025-07-29, 2025-09-04, 2025-09-30"
SRF LTD,93948.8837632,3148.0,"2025-09-08, 2025-10-09",93948.8837632,3148.0,2025-09-26
STAR HEALTH & AL INS CO L,29667.950592,495.6,2025-08-13,29667.950592,495.6,2025-08-11
STATE BANK OF INDIA,838001.5968256,907.85,"2025-08-13, 2025-09-15",838001.5968256,907.85,"2025-07-28, 2025-09-01"
STEEL AUTHORITY OF INDIA,53676.1729024,129.95,"2025-09-05, 2025-10-09",53676.1729024,129.95,"2025-07-28, 2025-10-07, 2025-10-10"
STRLNG & WIL REN ENE LTD,,,,5381.971968,230.46,2025-07-24
SUMITOMO CHEM INDIA LTD,26444.7393792,529.8,2025-09-24,26444.7393792,529.8,"2025-08-13, 2025-09-26"
SUN PHARMA ADV.RES.CO.LTD,4277.194752,131.8,"2025-09-09, 2025-09-18",4277.194752,131.8,"2025-07-24, 2025-09-12, 2025-09-22"
SUN PHARMACEUTICAL IND L,405607.5730944,1690.5,2025-09-17,405607.5730944,1690.5,2025-08-05
SUN TV NETWORK LIMITED,22376.1252352,567.5,"2025-07-24, 2025-08-19, 2025-10-07",22376.1252352,567.5,"2025-07-31, 2025-08-29"
SUNDARAM FINANCE LTD,50110.562304,4546.7,"2025-08-21, 2025-09-23, 2025-10-21",50110.562304,4546.7,"2025-07-29, 2025-09-03, 2025-10-01"
SUNDRAM FASTENERS LTD,20707.1002624,981.45,2025-08-22,20707.1002624,981.45,"2025-07-22, 2025-09-29"
SUPREME INDUSTRIES LTD,53445.91872,4190.4,"2025-07-30, 2025-08-18",53445.91872,4190.4,"2025-08-12, 2025-09-11"
SUZLON ENERGY LIMITED,74279.7737984,54.18,"2025-08-11, 2025-09-18",74279.7737984,54.18,"2025-07-25, 2025-08-12, 2025-09-29"
SWAN ENERGY LIMITED,14943.207424,460.9,2025-08-25,14943.207424,460.9,"2025-08-01, 2025-10-06"
SYNGENE INTERNATIONAL LTD,25781.3528576,641.85,"2025-09-15, 2025-10-17",25781.3528576,641.85,"2025-08-11, 2025-09-26"
SYRMA SGS TECHNOLOGY LTD,15301.1257344,795.65,"2025-08-25, 2025-10-10",15301.1257344,795.65,"2025-08-12, 2025-09-30, 2025-10-17"
TANLA PLATFORMS LIMITED,8908.5288448,637.5,"2025-08-26, 2025-09-04, 2025-10-10",8908.5288448,637.5,"2025-07-31, 2025-08-29, 2025-10-06, 2025-10-17"
TATA CHEMICALS LTD,23256.7013376,912.9,2025-09-10,23256.7013376,912.9,"2025-08-13, 2025-09-30"
TATA COMMUNICATIONS LTD,54977.9275776,1915.3,"2025-09-16, 2025-10-09",54977.9275776,1915.3,"2025-07-28, 2025-10-03"
TATA CONSULTANCY SERV LT,1087850.3092224,3006.7,"2025-08-25, 2025-09-16, 2025-10-17",1087850.3092224,3006.7,"2025-09-15, 2025-09-25"
TATA CONSUMER PRODUCT LTD,116231.569408,1174.6,"2025-08-20, 2025-10-20",116231.569408,1174.6,2025-10-14
TATA ELXSI LIMITED,33447.6967936,5354.5,"2025-07-22, 2025-09-11",33447.6967936,5354.5,"2025-07-25, 2025-09-29"
TATA INVESTMENT CORP LTD,45022.2260224,875.0,"2025-07-29, 2025-09-17",45022.2260224,875.0,2025-09-01
TATA MOTORS LIMITED,147974.4946176,401.85,"2025-07-29, 2025-08-20, 2025-10-10",147974.4946176,401.85,"2025-07-30, 2025-09-25, 2025-10-13"
TATA POWER CO LTD,127430.1382656,398.8,"2025-09-09, 2025-10-07, 2025-10-17",127430.1382656,398.8,"2025-07-25, 2025-10-01, 2025-10-14"
TATA STEEL LIMITED,215488.5808128,172.78,"2025-07-24, 2025-08-26, 2025-09-05, 2025-10-09",215488.5808128,172.78,"2025-07-31, 2025-08-28, 2025-10-03"
TATA TECHNOLOGIES LIMITED,27813.576704,685.0,"2025-08-26, 2025-09-03, 2025-09-08, 2025-10-09",27813.576704,685.0,"2025-07-28, 2025-08-29, 2025-09-05, 2025-09-29, 2025-10-20"
TATA TELESERV(MAHARASTRA),10949.55008,56.01,"2025-09-18, 2025-10-10",10949.55008,56.01,"2025-09-25, 2025-10-17"
TBO TEK LIMITED,16790.1888512,1574.2,"2025-08-14, 2025-09-05, 2025-10-21",16790.1888512,1574.2,"2025-07-31, 2025-09-01, 2025-09-30"
TECH MAHINDRA LIMITED,128264.9882624,1448.7,"2025-08-19, 2025-09-15, 2025-10-16",128264.9882624,1448.7,"2025-09-08, 2025-09-25"
TECHNO ELEC & ENG CO. LTD,15784.1784832,1357.2,2025-08-20,15784.1784832,1357.2,2025-09-12
TEJAS NETWORKS LIMITED,10388.9444864,548.65,"2025-08-22, 2025-09-17",10388.9444864,548.65,"2025-09-15, 2025-09-29"
THE GE SHPG.LTD,14790.6789376,1036.0,"2025-08-18, 2025-09-09, 2025-10-07",14790.6789376,1036.0,"2025-09-02, 2025-10-03"
THE INDIA CEMENTS LIMITED,12140.1769984,390.75,2025-10-16,12140.1769984,390.75,2025-09-25
THE INDIAN HOTELS CO. LTD,105938.944,744.25,"2025-07-23, 2025-08-14, 2025-09-09, 2025-09-15, 2025-10-21",105938.944,744.25,"2025-07-31, 2025-09-04, 2025-09-12, 2025-09-24"
THE NEW INDIA ASSU CO LTD,30926.3695872,187.66,"2025-08-01, 2025-09-18",30926.3695872,187.66,"2025-09-16, 2025-09-30"
THE PHOENIX MILLS LTD,60306.1551104,1651.8,"2025-08-21, 2025-10-10",60306.1551104,1651.8,2025-10-01
THE RAMCO CEMENTS LIMITED,24548.4158976,1038.9,2025-10-20,24548.4158976,1038.9,2025-08-08
THERMAX LTD,36262.3762432,3219.1,2025-09-08,36262.3762432,3219.1,"2025-08-07, 2025-09-26"
TIMKEN INDIA LTD.,22279.036928,2961.9,"2025-09-02, 2025-09-09",22279.036928,2961.9,"2025-08-01, 2025-09-04, 2025-10-08"
TITAGARH RAIL SYSTEMS LTD,11869.4715392,881.35,2025-08-26,11869.4715392,881.35,"2025-07-22, 2025-10-01"
TITAN COMPANY LIMITED,330779.1712256,3729.0,"2025-08-12, 2025-10-10",330779.1712256,3729.0,2025-09-15
TORRENT PHARMACEUTICALS L,121532.3701248,3590.9,"2025-08-18, 2025-09-24",121532.3701248,3590.9,"2025-08-13, 2025-08-29, 2025-10-01"
TORRENT POWER LTD,66474.9539328,1319.2,"2025-08-14, 2025-09-23, 2025-10-15",66474.9539328,1319.2,"2025-08-20, 2025-09-26"
TRENT LTD,171007.2397824,4791.1,"2025-08-11, 2025-09-05",171007.2397824,4791.1,"2025-09-02, 2025-09-10"
TRIDENT LIMITED,14368.9728,28.2,2025-09-09,14368.9728,28.2,"2025-07-22, 2025-10-01"
TRIVENI ENGG. & INDS. LTD,7789.4844416,355.85,"2025-08-28, 2025-10-10",7789.4844416,355.85,2025-09-24
TRIVENI TURBINE LIMITED,16790.4362496,528.2,2025-09-17,16790.4362496,528.2,"2025-07-29, 2025-09-30"
TUBE INVEST OF INDIA LTD,60671.26272,3129.9,"2025-08-11, 2025-09-09",60671.26272,3129.9,"2025-09-04, 2025-10-01"
TVS MOTOR COMPANY  LTD,173626.2418432,3658.3,"2025-08-05, 2025-10-10",173626.2418432,3658.3,2025-09-29
TVS SUPPLY CHAIN SOL L,5602.1041152,126.98,"2025-08-18, 2025-09-09",5602.1041152,126.98,"2025-08-29, 2025-09-25"
UCO BANK,40502.7749888,32.3,"2025-08-26, 2025-09-08",40502.7749888,32.3,"2025-07-24, 2025-09-01"
UJJIVAN SMALL FINANC BANK,9733.8187776,50.24,"2025-08-26, 2025-09-09, 2025-10-01",9733.8187776,50.24,"2025-07-23, 2025-08-28, 2025-09-29"
ULTRATECH CEMENT LIMITED,363559.8589952,12342.0,"2025-08-13, 2025-10-17",363559.8589952,12342.0,"2025-07-28, 2025-09-11"
UNION BANK OF INDIA,108137.6571392,141.66,"2025-08-18, 2025-09-16",108137.6571392,141.66,2025-08-29
UNITED BREWERIES LTD,,,,47537.4026752,1797.9,2025-08-01
UNITED SPIRITS LIMITED,98970.6256384,1359.7,"2025-08-21, 2025-09-03, 2025-09-18, 2025-10-17",98970.6256384,1359.7,"2025-09-01, 2025-09-11, 2025-10-15"
UNO MINDA LIMITED,70704.5228544,1226.0,2025-08-11,70704.5228544,1226.0,"2025-07-23, 2025-10-13"
UPL LIMITED,55461.6487936,680.95,"2025-08-25, 2025-10-16",55461.6487936,680.95,"2025-08-08, 2025-09-10"
USHA MARTIN LTD.,14010.8824576,460.05,2025-08-22,14010.8824576,460.05,2025-07-30
UTI ASSET MNGMT CO LTD,17990.238208,1340.7,"2025-08-20, 2025-09-17, 2025-10-17",17990.238208,1340.7,"2025-08-01, 2025-09-01, 2025-10-01"
V-GUARD IND LTD.,15876.8955392,364.15,"2025-08-26, 2025-09-10",15876.8955392,364.15,"2025-07-31, 2025-08-28, 2025-10-01"
VALOR ESTATE LIMITED,8214.2396416,152.34,2025-09-24,8214.2396416,152.34,2025-09-29
VARDHMAN TEXTILES LIMITED,11807.7046784,408.25,"2025-08-28, 2025-09-10",11807.7046784,408.25,"2025-07-23, 2025-09-09, 2025-09-29"
VARROC ENGINEERING LTD.,9545.330688,624.75,2025-08-21,9545.330688,624.75,2025-10-06
VARUN BEVERAGES LIMITED,156095.6895232,459.45,2025-10-20,156095.6895232,459.45,2025-09-01
VEDANT FASHIONS LIMITED,16895.238144,695.4,2025-08-22,16895.238144,695.4,2025-09-04
VEDANTA LIMITED,185755.8151168,475.65,2025-08-21,,,
VIJAYA DIAGNOSTIC CEN LTD,10268.8980992,999.65,2025-09-05,10268.8980992,999.65,"2025-08-12, 2025-09-24"
VINATI ORGANICS LTD,17564.0674304,1693.5,"2025-09-02, 2025-09-17",17564.0674304,1693.5,"2025-09-15, 2025-10-09"
VIP INDUSTRIES LTD,6241.030144,439.35,"2025-09-05, 2025-10-20",6241.030144,439.35,"2025-08-01, 2025-09-29"
VODAFONE IDEA LIMITED,97508.7337472,9.0,"2025-08-26, 2025-09-08",97508.7337472,9.0,"2025-07-28, 2025-09-04"
VOLTAS LTD,48170.2019072,1455.8,"2025-08-21, 2025-10-15",48170.2019072,1455.8,"2025-07-28, 2025-09-24"
WELSPUN CORP LIMITED,22404.4859392,850.2,2025-09-15,22404.4859392,850.2,2025-09-30
WELSPUN LIVING LIMITED,11709.6103936,122.53,"2025-09-11, 2025-10-15",11709.6103936,122.53,"2025-07-22, 2025-09-30"
WESTLIFE FOODWORLD LTD,9328.4114432,600.05,2025-08-28,9328.4114432,600.05,"2025-07-24, 2025-09-23"
WHIRLPOOL OF INDIA LTD,17730.338816,1397.5,"2025-08-29, 2025-10-20",17730.338816,1397.5,"2025-08-01, 2025-09-24"
WIPRO LTD,252761.3681664,241.36,"2025-08-22, 2025-09-15, 2025-10-15",252761.3681664,241.36,"2025-09-12, 2025-09-26"
YES BANK LIMITED,71377.747968,22.75,2025-08-22,71377.747968,22.75,2025-07-24
ZEE ENTERTAINMENT ENT LTD,10120.9931776,104.51,"2025-08-22, 2025-09-19",10120.9931776,104.51,"2025-09-12, 2025-09-30"
ZENSAR TECHNOLOGIES  LTD,17794.1086208,779.9,"2025-08-20, 2025-09-15",17794.1086208,779.9,"2025-08-29, 2025-09-29"
ZF COM VE CTR SYS IND LTD,24817.1872256,13084.0,"2025-07-24, 2025-10-09",24817.1872256,13084.0,"2025-09-05, 2025-10-20"
ZYDUS LIFESCIENCES LTD,100573.085696,999.5,"2025-07-30, 2025-08-18",100573.085696,999.5,"2025-08-07, 2025-09-29"
